{"cameraMode":{"drawMode":0,"name":"Shaded","section":"Shading Mode"},"sceneLighting":false,"audioPlay":false,"sceneViewState":{"m_AlwaysRefresh":false,"showFog":true,"showSkybox":false,"showFlares":true,"showImageEffects":true,"showParticleSystems":true,"showVisualEffectGraphs":true,"m_FxEnabled":true},"in2DMode":false,"pivot":{"x":0.0003705024719238281,"y":0.9565989971160889,"z":-0.04837629199028015},"rotation":{"x":0.011456504464149475,"y":0.9695906043052673,"z":0.04627528041601181,"w":-0.24005022644996644},"size":1.417445182800293,"orthographic":false}