{"cameraMode":{"drawMode":0,"name":"Shaded","section":"Shading Mode"},"sceneLighting":true,"audioPlay":false,"sceneViewState":{"m_AlwaysRefresh":false,"showFog":true,"showSkybox":true,"showFlares":true,"showImageEffects":true,"showParticleSystems":true,"showVisualEffectGraphs":true,"m_FxEnabled":true},"in2DMode":false,"pivot":{"x":2.3740100860595705,"y":1.506826400756836,"z":-3.3304548263549806},"rotation":{"x":0.0511864610016346,"y":0.06287255138158798,"z":-0.0032260974403470756,"w":0.9967100620269775},"size":3.582906723022461,"orthographic":false}