{"cameraMode":{"drawMode":0,"name":"Shaded","section":"Shading Mode"},"sceneLighting":false,"audioPlay":false,"sceneViewState":{"m_AlwaysRefresh":false,"showFog":true,"showSkybox":false,"showFlares":true,"showImageEffects":true,"showParticleSystems":true,"showVisualEffectGraphs":true,"m_FxEnabled":true},"in2DMode":false,"pivot":{"x":0.0003705024719238281,"y":0.9565989971160889,"z":-0.04837629199028015},"rotation":{"x":0.0274003017693758,"y":0.9351590275764465,"z":0.07421083003282547,"w":-0.34528490900993349},"size":1.417445182800293,"orthographic":false}